start_time,Preallocation,Theta0,POD_Real,POD_Imag,Theta1,ROM,SolvedSmallerSystem,Real_Part,Imag_Part,Tensors
1712329903.2814658,1712329905.8112462,1712329914.722542,1712329943.211532,1712329946.1121106,1712329946.1128774,1712329947.1984673,1712329947.2055833,1712329947.5339239,1712329950.4205434,1712329950.4293165
