start_time,Preallocation,Theta0,POD_Real,POD_Imag,Theta1,ROM,SolvedSmallerSystem,Real_Part,Imag_Part,Tensors
1715162263.280378,1715162621.880794,1715162924.3152618,1715164699.5875602,1715164835.4658446,1715164835.4666255,1715164946.5097,1715164946.5240514,1715164992.3432415,1715165094.2584014,1715165094.275022
